A Light in the ...,Â£51.77
Tipping the Velvet,Â£53.74
Soumission,Â£50.10
Sharp Objects,Â£47.82
Sapiens: A Brief History ...,Â£54.23
The Requiem Red,Â£22.65
The Dirty Little Secrets ...,Â£33.34
The Coming Woman: A ...,Â£17.93
The Boys in the ...,Â£22.60
The Black Maria,Â£52.15
Starving Hearts (Triangular Trade ...,Â£13.99
Shakespeare's Sonnets,Â£20.66
Set Me Free,Â£17.46
Scott Pilgrim's Precious Little ...,Â£52.29
Rip it Up and ...,Â£35.02
Our Band Could Be ...,Â£57.25
Olio,Â£23.88
Mesaerion: The Best Science ...,Â£37.59
Libertarianism for Beginners,Â£51.33
It's Only the Himalayas,Â£45.17
In Her Wake,Â£12.84
How Music Works,Â£37.32
Foolproof Preserving: A Guide ...,Â£30.52
Chase Me (Paris Nights ...,Â£25.27
Black Dust,Â£34.53
Birdsong: A Story in ...,Â£54.64
America's Cradle of Quarterbacks: ...,Â£22.50
Aladdin and His Wonderful ...,Â£53.13
Worlds Elsewhere: Journeys Around ...,Â£40.30
Wall and Piece,Â£44.18
The Four Agreements: A ...,Â£17.66
The Five Love Languages: ...,Â£31.05
The Elephant Tree,Â£23.82
The Bear and the ...,Â£36.89
Sophie's World,Â£15.94
Penny Maybe,Â£33.29
Maude (1883-1993):She Grew Up ...,Â£18.02
"In a Dark, Dark ...",Â£19.63
Behind Closed Doors,Â£52.22
You can't bury them ...,Â£33.63
Slow States of Collapse: ...,Â£57.31
Reasons to Stay Alive,Â£26.41
Private Paris (Private #10),Â£47.61
#HigherSelfie: Wake Up Your ...,Â£23.11
Without Borders (Wanderlove #1),Â£45.07
When We Collided,Â£31.77
"We Love You, Charlie ...",Â£50.27
Untitled Collection: Sabbath Poems ...,Â£14.27
Unseen City: The Majesty ...,Â£44.18
Unicorn Tracks,Â£18.78
Unbound: How Eight Technologies ...,Â£25.52
Tsubasa: WoRLD CHRoNiCLE 2 ...,Â£16.28
Throwing Rocks at the ...,Â£31.12
This One Summer,Â£19.49
Thirst,Â£17.27
The Torch Is Passed: ...,Â£19.09
The Secret of Dreadwillow ...,Â£56.13
The Pioneer Woman Cooks: ...,Â£56.41
The Past Never Ends,Â£56.50
The Natural History of ...,Â£45.22
The Nameless City (The ...,Â£38.16
The Murder That Never ...,Â£54.11
The Most Perfect Thing: ...,Â£42.96
The Mindfulness and Acceptance ...,Â£23.89
The Life-Changing Magic of ...,Â£16.77
The Inefficiency Assassin: Time ...,Â£20.59
The Gutsy Girl: Escapades ...,Â£37.13
The Electric Pencil: Drawings ...,Â£56.06
The Death of Humanity: ...,Â£58.11
The Bulletproof Diet: Lose ...,Â£49.05
The Art Forger,Â£40.76
The Age of Genius: ...,Â£19.73
The Activist's Tao Te ...,Â£32.24
Spark Joy: An Illustrated ...,Â£41.83
Soul Reader,Â£39.58
Security,Â£39.25
"Saga, Volume 6 (Saga ...",Â£25.02
"Saga, Volume 5 (Saga ...",Â£51.04
Reskilling America: Learning to ...,Â£19.83
"Rat Queens, Vol. 3: ...",Â£50.40
"Princess Jellyfish 2-in-1 Omnibus, ...",Â£13.61
Princess Between Worlds (Wide-Awake ...,Â£13.34
"Pop Gun War, Volume ...",Â£18.97
"Political Suicide: Missteps, Peccadilloes, ...",Â£36.28
Patience,Â£10.16
"Outcast, Vol. 1: A ...",Â£15.44
orange: The Complete Collection ...,Â£48.41
Online Marketing for Busy ...,Â£46.35
On a Midnight Clear,Â£14.07
Obsidian (Lux #1),Â£14.86
My Paris Kitchen: Recipes ...,Â£33.37
Masks and Shadows,Â£56.40
Mama Tried: Traditional Italian ...,Â£14.02
"Lumberjanes, Vol. 2: Friendship ...",Â£46.91
"Lumberjanes, Vol. 1: Beware ...",Â£45.61
Lumberjanes Vol. 3: A ...,Â£19.92
"Layered: Baking, Building, and ...",Â£40.11
Judo: Seven Steps to ...,Â£53.90
Join,Â£35.67
In the Country We ...,Â£22.00
Immunity: How Elie Metchnikoff ...,Â£57.36
"I Hate Fairyland, Vol. ...",Â£29.17
I am a Hero ...,Â£54.63
How to Be Miserable: ...,Â£46.03
Her Backup Boyfriend (The ...,Â£33.97
"Giant Days, Vol. 2 ...",Â£22.11
Forever and Forever: The ...,Â£29.69
First and First (Five ...,Â£15.97
Fifty Shades Darker (Fifty ...,Â£21.96
Everydata: The Misinformation Hidden ...,Â£54.35
Don't Be a Jerk: ...,Â£37.97
Danganronpa Volume 1,Â£51.99
Crown of Midnight (Throne ...,Â£43.29
"Codename Baboushka, Volume 1: ...",Â£36.72
Camp Midnight,Â£17.08
Call the Nurse: True ...,Â£29.14
Burning,Â£28.81
Bossypants,Â£49.46
"Bitch Planet, Vol. 1: ...",Â£37.92
Avatar: The Last Airbender: ...,Â£28.09
Algorithms to Live By: ...,Â£30.81
A World of Flavor: ...,Â£42.95
"A Piece of Sky, ...",Â£56.76
A Murder in Time,Â£16.64
A Flight of Arrows ...,Â£55.53
A Fierce and Subtle ...,Â£28.13
A Court of Thorns ...,Â£52.37
(Un)Qualified: How God Uses ...,Â£54.00
You Are What You ...,Â£21.87
William Shakespeare's Star Wars: ...,Â£43.30
Tuesday Nights in 1980,Â£21.04
Tracing Numbers on a ...,Â£41.60
Throne of Glass (Throne ...,Â£35.07
Thomas Jefferson and the ...,Â£59.64
Thirteen Reasons Why,Â£52.72
The White Cat and ...,Â£58.08
The Wedding Dress,Â£24.12
The Vacationers,Â£42.15
The Third Wave: An ...,Â£12.61
The Stranger,Â£17.44
The Shadow Hero (The ...,Â£33.14
The Secret (The Secret ...,Â£27.37
The Regional Office Is ...,Â£51.36
The Psychopath Test: A ...,Â£36.00
The Project,Â£10.65
The Power of Now: ...,Â£43.54
The Omnivore's Dilemma: A ...,Â£38.21
The Nerdy Nummies Cookbook: ...,Â£37.34
The Murder of Roger ...,Â£44.10
The Mistake (Off-Campus #2),Â£43.29
The Matchmaker's Playbook (Wingmen ...,Â£55.85
The Love and Lemons ...,Â£37.60
The Long Shadow of ...,Â£10.97
The Kite Runner,Â£41.82
The House by the ...,Â£36.95
The Glittering Court (The ...,Â£44.28
The Girl on the ...,Â£55.02
The Genius of Birds,Â£17.24
The Emerald Mystery,Â£23.15
The Cookies & Cups ...,Â£41.25
The Bridge to Consciousness: ...,Â£32.00
The Artist's Way: A ...,Â£38.49
The Art of War,Â£33.34
The Argonauts,Â£10.93
The 10% Entrepreneur: Live ...,Â£27.55
Suddenly in Love (Lake ...,Â£55.99
Something More Than This,Â£16.24
Soft Apocalypse,Â£26.12
So You've Been Publicly ...,Â£12.23
Shoe Dog: A Memoir ...,Â£23.99
"Shobu Samurai, Project Aryoku ...",Â£29.06
Secrets and Lace (Fatal ...,Â£20.27
Scarlett Epstein Hates It ...,Â£43.55
Romero and Juliet: A ...,Â£36.94
Redeeming Love,Â£20.47
Poses for Artists Volume ...,Â£41.06
Poems That Make Grown ...,Â£14.19
"Nightingale, Sing",Â£38.28
Night Sky with Exit ...,Â£41.05
Mrs. Houdini,Â£30.25
Modern Romance,Â£28.26
Miss Peregrineâs Home for ...,Â£10.76
Louisa: The Extraordinary Life ...,Â£16.85
Little Red,Â£13.47
Library of Souls (Miss ...,Â£48.56
Large Print Heart of ...,Â£19.15
I Had a Nice ...,Â£57.36
Hollow City (Miss Peregrineâs ...,Â£42.98
Grumbles,Â£22.16
Full Moon over Noahâs ...,Â£49.43
Frostbite (Vampire Academy #2),Â£29.99
Follow You Home,Â£21.36
First Steps for New ...,Â£29.00
Finders Keepers (Bill Hodges ...,Â£53.53
"Fables, Vol. 1: Legends ...",Â£41.62
Eureka Trivia 6.0,Â£54.59
Drive: The Surprising Truth ...,Â£34.95
Done Rubbed Out (Reightman ...,Â£37.72
Doing It Over (Most ...,Â£35.61
Deliciously Ella Every Day: ...,Â£42.16
Dark Notes,Â£19.19
Daring Greatly: How the ...,Â£19.43
Close to You,Â£49.46
Chasing Heaven: What Dying ...,Â£37.80
Big Magic: Creative Living ...,Â£30.80
Becoming Wise: An Inquiry ...,Â£27.43
Beauty Restored (Riley Family ...,Â£11.11
Batman: The Long Halloween ...,Â£36.50
Batman: The Dark Knight ...,Â£15.38
Ayumi's Violin,Â£15.48
Anonymous,Â£46.82
Amy Meets the Saints ...,Â£18.46
Amid the Chaos,Â£36.58
Amatus,Â£50.54
Agnostic: A Spirited Manifesto,Â£12.51
Zealot: The Life and ...,Â£24.70
You (You #1),Â£43.61
"Wonder Woman: Earth One, ...",Â£37.34
Wild Swans,Â£14.36
Why the Right Went ...,Â£52.65
Whole Lotta Creativity Going ...,Â£38.20
What's It Like in ...,Â£19.60
"We Are Robin, Vol. ...",Â£53.90
Walt Disney's Alice in ...,Â£12.96
V for Vendetta (V ...,Â£37.10
Until Friday Night (The ...,Â£46.31
Unbroken: A World War ...,Â£45.95
Twenty Yawns,Â£22.08
Through the Woods,Â£25.38
This Is Where It ...,Â£27.12
The Year of Magical ...,Â£43.04
The Wright Brothers,Â£56.80
The White Queen (The ...,Â£25.91
The Wedding Pact (The ...,Â£32.61
The Time Keeper,Â£27.88
The Testament of Mary,Â£52.67
The Star-Touched Queen,Â£46.02
The Songs of the ...,Â£44.48
The Song of Achilles,Â£37.40
The Rosie Project (Don ...,Â£54.04
The Power of Habit: ...,Â£16.88
The Marriage of Opposites,Â£28.08
The Lucifer Effect: Understanding ...,Â£10.40
The Long Haul (Diary ...,Â£44.07
The Loney,Â£23.40
The Literature Book (Big ...,Â£17.43
The Last Mile (Amos ...,Â£54.21
The Immortal Life of ...,Â£40.67
The Hidden Oracle (The ...,Â£52.26
The Help Yourself Cookbook ...,Â£28.77
The Guilty (Will Robie ...,Â£13.82
The First Hostage (J.B. ...,Â£25.85
The Dovekeepers,Â£48.78
The Darkest Lie,Â£35.35
The Bane Chronicles (The ...,Â£44.73
The Bad-Ass Librarians of ...,Â£15.77
The 14th Colony (Cotton ...,Â£39.24
That Darkness (Gardiner and ...,Â£13.92
Tastes Like Fear (DI ...,Â£10.69
Take Me with You,Â£45.21
Swell: A Year of ...,Â£45.58
Superman Vol. 1: Before ...,Â£11.89
Still Life with Bread ...,Â£26.41
Steve Jobs,Â£39.50
Sorting the Beef from ...,Â£44.74
Someone Like You (The ...,Â£52.79
"So Cute It Hurts!!, ...",Â£35.43
Shtum,Â£55.84
See America: A Celebration ...,Â£48.87
salt.,Â£46.78
Robin War,Â£47.82
"Red Hood/Arsenal, Vol. 1: ...",Â£25.48
Rain Fish,Â£23.57
Quarter Life Poetry: Poems ...,Â£50.89
Pet Sematary,Â£10.56
"Overload: How to Unplug, ...",Â£52.15
Once Was a Time,Â£18.28
Old School (Diary of ...,Â£11.83
No Dream Is Too ...,Â£21.95
"Naruto (3-in-1 Edition), Vol. ...",Â£38.39
My Name Is Lucy ...,Â£41.56
My Mrs. Brown,Â£24.48
My Kind of Crazy,Â£40.36
Mr. Mercedes (Bill Hodges ...,Â£28.90
More Than Music (Chasing ...,Â£37.61
Made to Stick: Why ...,Â£38.85
Luis Paints the World,Â£53.95
Luckiest Girl Alive,Â£49.83
Lowriders to the Center ...,Â£51.51
Love Is a Mix ...,Â£18.03
Looking for Lovely: Collecting ...,Â£29.14
Living Leadership by Insight: ...,Â£46.91
Let It Out: A ...,Â£26.79
Lady Midnight (The Dark ...,Â£16.28
"It's All Easy: Healthy, ...",Â£19.55
Island of Dragons (Unwanteds ...,Â£29.65
I Know What I'm ...,Â£25.98
I Am Pilgrim (Pilgrim ...,Â£10.60
Hyperbole and a Half: ...,Â£14.75
"Hush, Hush (Hush, Hush ...",Â£47.02
Hold Your Breath (Search ...,Â£28.82
Hamilton: The Revolution,Â£58.79
Greek Mythic History,Â£10.23
God: The Most Unpleasant ...,Â£30.03
Glory over Everything: Beyond ...,Â£45.84
Feathers: Displays of Brilliant ...,Â£49.05
Far & Away: Places ...,Â£15.06
Every Last Word,Â£46.47
Eligible (The Austen Project ...,Â£27.09
El Deafo,Â£57.62
Eight Hundred Grapes,Â£14.39
Eaternity: More than 150 ...,Â£51.75
"Eat Fat, Get Thin",Â£54.07
Don't Get Caught,Â£55.35
Doctor Sleep (The Shining ...,Â£40.12
Demigods & Magicians: Percy ...,Â£37.51
Dear Mr. Knightley,Â£11.21
Daily Fantasy Sports,Â£36.58
Crazy Love: Overwhelmed by ...,Â£47.72
Cometh the Hour (The ...,Â£25.01
Code Name Verity (Code ...,Â£22.13
Clockwork Angel (The Infernal ...,Â£44.14
City of Glass (The ...,Â£56.02
City of Fallen Angels ...,Â£11.23
City of Bones (The ...,Â£43.28
City of Ashes (The ...,Â£47.27
Cell,Â£20.29
Catching Jordan (Hundred Oaks),Â£50.83
"Carry On, Warrior: Thoughts ...",Â£31.85
Carrie,Â£46.23
Buying In: The Secret ...,Â£37.80
Brain on Fire: My ...,Â£49.32
Batman: Europa,Â£32.01
Barefoot Contessa Back to ...,Â£28.01
Barefoot Contessa at Home: ...,Â£50.62
Balloon Animals,Â£17.03
Art Ops Vol. 1,Â£48.80
Aristotle and Dante Discover ...,Â£58.14
Angels Walking (Angels Walking ...,Â£34.20
Angels & Demons (Robert ...,Â£51.48
All the Light We ...,Â£29.87
Adulthood Is a Myth: ...,Â£10.90
Abstract City,Â£56.37
A Time of Torment ...,Â£48.35
A Study in Scarlet ...,Â£16.73
A Series of Catastrophes ...,Â£56.48
A People's History of ...,Â£40.79
A Man Called Ove,Â£39.72
A Distant Mirror: The ...,Â£14.58
A Brush of Wings ...,Â£55.51
1491: New Revelations of ...,Â£21.80
"The Three Searches, Meaning, ...",Â£13.33
Searching for Meaning in ...,Â£38.73
Rook,Â£37.86
My Kitchen Year: 136 ...,Â£11.53
13 Hours: The Inside ...,Â£27.06
Will You Won't You ...,Â£13.86
Tipping Point for Planet ...,Â£37.55
The Star-Touched Queen,Â£32.30
The Silent Sister (Riley ...,Â£46.29
The Midnight Watch: A ...,Â£26.20
The Lonely City: Adventures ...,Â£33.26
The Gray Rhino: How ...,Â£59.15
The Golden Condom: And ...,Â£39.43
The Epidemic (The Program ...,Â£14.44
The Dinner Party,Â£56.54
The Diary of a ...,Â£59.90
The Children,Â£11.88
Stars Above (The Lunar ...,Â£48.05
Snatched: How A Drug ...,Â£21.21
Raspberry Pi Electronics Projects ...,Â£49.67
Quench Your Own Thirst: ...,Â£43.14
Psycho: Sanitarium (Psycho #1.5),Â£36.97
Poisonous (Max Revere Novels ...,Â£26.80
One with You (Crossfire ...,Â£15.71
No Love Allowed (Dodge ...,Â£54.65
Murder at the 42nd ...,Â£54.36
Most Wanted,Â£35.28
"Love, Lies and Spies",Â£20.55
How to Speak Golf: ...,Â£58.32
Hide Away (Eve Duncan ...,Â£11.84
Furiously Happy: A Funny ...,Â£41.46
Everyday Italian: 125 Simple ...,Â£20.10
Equal Is Unfair: America's ...,Â£56.86
Eleanor & Park,Â£56.51
Dirty (Dive Bar #1),Â£40.83
Can You Keep a ...,Â£48.64
Boar Island (Anna Pigeon ...,Â£59.48
A Paris Apartment,Â£39.01
A la Mode: 120 ...,Â£38.77
Troublemaker: Surviving Hollywood and ...,Â£48.39
The Widow,Â£27.26
The Sleep Revolution: Transforming ...,Â£11.68
The Improbability of Love,Â£59.45
The Art of Startup ...,Â£21.00
Take Me Home Tonight ...,Â£53.98
Sleeping Giants (Themis Files ...,Â£48.74
Setting the World on ...,Â£21.15
Playing with Fire,Â£13.71
Off the Hook (Fishing ...,Â£47.67
Mothering Sunday,Â£13.34
"Mother, Can You Not?",Â£16.89
M Train,Â£27.18
Lilac Girls,Â£17.28
Lies and Other Acts ...,Â£45.14
Lab Girl,Â£40.85
Keep Me Posted,Â£20.46
It Didn't Start with ...,Â£56.27
Grey (Fifty Shades #4),Â£48.49
"Exit, Pursued by a ...",Â£51.34
Daredevils,Â£16.34
Cravings: Recipes for What ...,Â£20.50
Born for This: How ...,Â£21.59
Arena,Â£21.36
Adultery,Â£20.88
A Mother's Reckoning: Living ...,Â£19.53
A Gentleman's Position (Society ...,Â£14.75
11/22/63,Â£48.48
10% Happier: How I ...,Â£24.57
10-Day Green Smoothie Cleanse: ...,Â£49.71
Without Shame,Â£48.27
Watchmen,Â£58.05
Unlimited Intuition Now,Â£58.87
Underlying Notes,Â£11.82
The Shack,Â£28.03
The New Brand You: ...,Â£44.05
The Moosewood Cookbook: Recipes ...,Â£12.34
The Flowers Lied,Â£16.68
The Fabric of the ...,Â£55.91
The Book of Mormon,Â£24.57
The Art and Science ...,Â£52.98
The Alien Club,Â£54.40
Suzie Snowflake: One beautiful ...,Â£54.81
Nap-a-Roo,Â£25.08
NaNo What Now? Finding ...,Â£10.41
Modern Day Fables,Â£47.44
If I Gave You ...,Â£20.91
"Fruits Basket, Vol. 9 ...",Â£33.95
Dress Your Family in ...,Â£43.68
Don't Forget Steven,Â£33.23
Chernobyl 01:23:40: The Incredible ...,Â£35.92
Art and Fear: Observations ...,Â£48.63
A Shard of Ice ...,Â£56.63
A Hero's Curse (The ...,Â£50.49
23 Degrees South: A ...,Â£35.79
Zero to One: Notes ...,Â£34.06
Why Not Me?,Â£17.76
When Breath Becomes Air,Â£39.36
Vagabonding: An Uncommon Guide ...,Â£36.94
The Unlikely Pilgrimage of ...,Â£43.62
The New Drawing on ...,Â£43.02
"The Midnight Assassin: Panic, ...",Â£28.45
The Martian (The Martian ...,Â£41.39
The High Mountains of ...,Â£51.15
The Grownup,Â£35.88
The E-Myth Revisited: Why ...,Â£36.91
South of Sunshine,Â£28.93
Smarter Faster Better: The ...,Â£38.89
Silence in the Dark ...,Â£58.33
Shadows of the Past ...,Â£39.67
Roller Girl,Â£14.10
Rising Strong,Â£21.82
Proofs of God: Classical ...,Â£54.21
Please Kill Me: The ...,Â£31.19
Out of Print: City ...,Â£53.64
My Life Next Door ...,Â£36.39
Miller's Valley,Â£58.54
Man's Search for Meaning,Â£29.48
Love That Boy: What ...,Â£25.06
Living Forward: A Proven ...,Â£12.55
Les Fleurs du Mal,Â£29.04
Left Behind (Left Behind ...,Â£40.72
Kill 'Em and Leave: ...,Â£45.05
Kierkegaard: A Christian Missionary ...,Â£47.13
John Vassos: Industrial Design ...,Â£20.22
I'll Give You the ...,Â£56.48
I Will Find You,Â£44.21
Hystopia: A Novel,Â£21.96
Howl and Other Poems,Â£40.45
History of Beauty,Â£10.29
Heaven is for Real: ...,Â£52.86
Future Shock (Future Shock ...,Â£55.65
Ender's Game (The Ender ...,Â£43.64
Diary of a Citizen ...,Â£28.41
Death by Leisure: A ...,Â£37.51
Brilliant Beacons: A History ...,Â£11.45
Brazen: The Courage to ...,Â£19.22
Between the World and ...,Â£56.91
Being Mortal: Medicine and ...,Â£55.06
A Murder Over a ...,Â£13.20
32 Yolks,Â£53.63
"""Most Blessed of the ...",Â£44.48
You Are a Badass: ...,Â£12.08
Wildlife of New York: ...,Â£22.14
What Happened on Beale ...,Â£25.37
Unreasonable Hope: Finding Faith ...,Â£46.33
Under the Tuscan Sun,Â£37.33
Toddlers Are A**holes: It's ...,Â£25.55
The Year of Living ...,Â£34.72
The Whale,Â£35.96
The Story of Art,Â£41.14
The Origin of Species,Â£10.01
The Great Gatsby,Â£36.05
The Good Girl,Â£49.03
The Glass Castle,Â£16.24
The Faith of Christopher ...,Â£39.55
The Drowning Girls,Â£35.67
The Constant Princess (The ...,Â£16.62
The Bourne Identity (Jason ...,Â£42.78
The Bachelor Girl's Guide ...,Â£52.30
The Art Book,Â£32.34
The 7 Habits of ...,Â£33.17
Team of Rivals: The ...,Â£20.12
Steal Like an Artist: ...,Â£20.90
"Sit, Stay, Love",Â£20.90
Sister Dear,Â£40.20
"Shrunken Treasures: Literary Classics, ...",Â£52.87
"Rich Dad, Poor Dad",Â£51.74
Raymie Nightingale,Â£34.41
Playing from the Heart,Â£32.38
Nightstruck: A Novel,Â£50.35
Naturally Lean: 125 Nourishing ...,Â£11.38
Meternity,Â£43.58
Memoirs of a Geisha,Â£49.67
Like Never Before (Walker ...,Â£28.77
Life of Pi,Â£13.22
Leave This Song Behind: ...,Â£51.17
King's Folly (The Kinsman ...,Â£39.61
John Adams,Â£57.43
How to Cook Everything ...,Â£46.01
How to Be a ...,Â£28.25
Good in Bed (Cannie ...,Â£37.05
"Fruits Basket, Vol. 7 ...",Â£19.57
For the Love: Fighting ...,Â£45.13
Finding God in the ...,Â£46.64
Every Heart a Doorway ...,Â£12.16
Delivering the Truth (Quaker ...,Â£20.89
Counted With the Stars ...,Â£17.97
"Chronicles, Vol. 1",Â£52.60
Blue Like Jazz: Nonreligious ...,Â£25.77
Benjamin Franklin: An American ...,Â£48.19
At The Existentialist CafÃ©: ...,Â£29.93
A Summer In Europe,Â£44.34
A Short History of ...,Â£52.40
A Gathering of Shadows ...,Â£44.81
The Sound Of Love,Â£57.84
The Rise and Fall ...,Â£39.67
The Perks of Being ...,Â£55.02
The Mysterious Affair at ...,Â£24.80
The Man Who Mistook ...,Â£59.45
The Makings of a ...,Â£31.58
The Joy of Cooking,Â£43.27
The Invention of Wings,Â£37.34
The Hobbit (Middle-Earth Universe),Â£17.80
The Great Railway Bazaar,Â£30.54
The Golden Compass (His ...,Â£18.77
The God Delusion,Â£46.85
The Girl You Left ...,Â£15.79
The Fellowship of the ...,Â£10.27
The Collected Poems of ...,Â£15.42
The Barefoot Contessa Cookbook,Â£59.92
Tell the Wolves I'm ...,Â£50.96
Ship Leaves Harbor: Essays ...,Â£30.60
Pride and Prejudice,Â£19.27
Musicophilia: Tales of Music ...,Â£46.58
Mere Christianity,Â£48.51
Me Before You (Me ...,Â£19.02
In the Woods (Dublin ...,Â£38.38
In Cold Blood,Â£49.98
How to Stop Worrying ...,Â£46.49
Give It Back,Â£18.32
"Girl, Interrupted",Â£42.14
Fun Home: A Family ...,Â£56.59
"Fruits Basket, Vol. 6 ...",Â£20.96
Deception Point,Â£40.32
"Death Note, Vol. 6: ...",Â£36.39
Catherine the Great: Portrait ...,Â£58.55
Better Homes and Gardens ...,Â£39.61
An Unquiet Mind: A ...,Â£21.30
A Year in Provence ...,Â£56.88
World Without End (The ...,Â£32.97
"Will Grayson, Will Grayson ...",Â£47.31
Why Save the Bankers?: ...,Â£48.67
Where She Went (If ...,Â£41.73
What If?: Serious Scientific ...,Â£53.68
Two Summers,Â£14.64
This Is Your Brain ...,Â£38.40
The Secret Garden,Â£15.08
The Raven King (The ...,Â£30.57
The Raven Boys (The ...,Â£57.74
The Power Greens Cookbook: ...,Â£11.05
The Metamorphosis,Â£28.58
The Mathews Men: Seven ...,Â£42.91
The Little Paris Bookshop,Â£24.73
The Hiding Place,Â£55.91
The Grand Design,Â£13.76
The Firm,Â£45.56
The Fault in Our ...,Â£47.22
The False Prince (The ...,Â£56.00
The Expatriates,Â£44.58
The Dream Thieves (The ...,Â£34.50
The Darkest Corners,Â£11.33
The Crossover,Â£38.77
The 5th Wave (The ...,Â£11.83
Tell the Wind and ...,Â£45.51
Tell Me Three Things,Â£41.81
Talking to Girls About ...,Â£25.15
Siddhartha,Â£34.22
Shiver (The Wolves of ...,Â£16.23
Remember Me?,Â£11.48
Red Dragon (Hannibal Lecter ...,Â£23.37
Peak: Secrets from the ...,Â£16.28
My Mother Was Nuts,Â£31.63
Mexican Today: New and ...,Â£24.91
Maybe Something Beautiful: How ...,Â£22.54
Lola and the Boy ...,Â£23.63
Logan Kade (Fallen Crest ...,Â£13.12
Last One Home (New ...,Â£59.98
Killing Floor (Jack Reacher ...,Â£31.49
Kill the Boy Band,Â£15.52
Isla and the Happily ...,Â£48.13
If I Stay (If ...,Â£38.13
I Know Why the ...,Â£36.55
Harry Potter and the ...,Â£23.32
"Fruits Basket, Vol. 5 ...",Â£16.33
Foundation (Foundation (Publication Order) ...,Â£32.42
Fool Me Once,Â£16.96
Find Her (Detective D.D. ...,Â£22.37
Evicted: Poverty and Profit ...,Â£42.27
Drama,Â£38.70
Dracula the Un-Dead,Â£35.63
Digital Fortress,Â£58.00
"Death Note, Vol. 5: ...",Â£52.41
"Data, A Love Story: ...",Â£32.35
Critique of Pure Reason,Â£20.75
Booked,Â£17.49
"Blue Lily, Lily Blue ...",Â£34.13
Approval Junkie: Adventures in ...,Â£58.81
An Abundance of Katherines,Â£10.00
America's War for the ...,Â£51.22
Alight (The Generations Trilogy ...,Â£58.59
A Girl's Guide to ...,Â£31.30
A Game of Thrones ...,Â£46.42
A Feast for Crows ...,Â£17.21
A Clash of Kings ...,Â£10.79
Vogue Colors A to ...,Â£52.35
The Shining (The Shining ...,Â£27.88
The Pilgrim's Progress,Â£50.26
The Perfect Play (Play ...,Â£59.99
The Passion of Dolssa,Â£28.32
The Jazz of Physics: ...,Â£38.71
The Hunger Games (The ...,Â£29.85
The Hound of the ...,Â£14.82
The Gunning of America: ...,Â£16.81
The Geography of Bliss: ...,Â£28.23
The Demonists (Demonist #1),Â£52.11
The Demon Prince of ...,Â£27.88
The Bone Hunters (Lexy ...,Â£59.71
The Beast (Black Dagger ...,Â£46.08
Some Women,Â£13.73
Shopaholic Ties the Knot ...,Â£48.39
Paper and Fire (The ...,Â£49.45
Outlander (Outlander #1),Â£19.67
Orchestra of Exiles: The ...,Â£12.36
No One Here Gets ...,Â£20.02
Night Shift (Night Shift ...,Â£12.75
Needful Things,Â£47.51
Mockingjay (The Hunger Games ...,Â£20.44
Misery,Â£34.79
Little Women (Little Women ...,Â£28.07
It,Â£25.01
Harry Potter and the ...,Â£13.90
Harry Potter and the ...,Â£24.17
Harry Potter and the ...,Â£31.63
Harry Potter and the ...,Â£48.75
Harry Potter and the ...,Â£14.74
Gone with the Wind,Â£32.49
God Is Not Great: ...,Â£27.80
Girl With a Pearl ...,Â£26.77
"Fruits Basket, Vol. 4 ...",Â£50.44
Far From True (Promise ...,Â£34.93
Dark Lover (Black Dagger ...,Â£12.87
Confessions of a Shopaholic ...,Â£48.94
Changing the Game (Play ...,Â£13.38
Candide,Â£58.63
Can You Keep a ...,Â£21.94
Atlas Shrugged,Â£26.58
Animal Farm,Â£57.22
A Walk to Remember,Â£56.43
A New Earth: Awakening ...,Â£55.65
A History of God: ...,Â£27.62
'Salem's Lot,Â£49.56
Zero History (Blue Ant ...,Â£34.77
Wuthering Heights,Â£17.73
World War Z: An ...,Â£21.80
Wild: From Lost to ...,Â£46.02
"Where'd You Go, Bernadette",Â£18.13
When You Are Engulfed ...,Â£30.89
We the People: The ...,Â£31.95
We Are All Completely ...,Â£24.04
Walk the Edge (Thunder ...,Â£32.36
Voyager (Outlander #3),Â£21.07
Very Good Lives: The ...,Â£50.66
Vegan Vegetarian Omnivore: Dinner ...,Â£13.66
"Unstuffed: Decluttering Your Home, ...",Â£58.09
Under the Banner of ...,Â£30.00
Two Boys Kissing,Â£32.74
Twilight (Twilight #1),Â£41.93
Twenties Girl,Â£42.80
Trespassing Across America: One ...,Â£53.51
Three-Martini Lunch,Â£23.21
"Thinking, Fast and Slow",Â£21.14
The Wild Robot,Â£56.07
The Wicked + The ...,Â£14.41
The Undomestic Goddess,Â£45.75
The Travelers,Â£15.77
The Tipping Point: How ...,Â£10.02
The Thing About Jellyfish,Â£48.77
The Stand,Â£57.86
The Smitten Kitchen Cookbook,Â£23.59
The Silkworm (Cormoran Strike ...,Â£23.05
"The Sandman, Vol. 3: ...",Â£55.55
The Rose & the ...,Â£58.64
The Road to Little ...,Â£23.21
The Rise of Theodore ...,Â£42.57
The Restaurant at the ...,Â£10.92
The Rest Is Noise: ...,Â£34.77
The Red Tent,Â£35.66
The Purpose Driven Life: ...,Â£37.19
The Purest Hook (Second ...,Â£12.25
The Picture of Dorian ...,Â£29.70
The Paris Wife,Â£36.80
The Obsession,Â£45.43
The Nightingale,Â£26.26
The New Guy (and ...,Â£44.92
The Nanny Diaries (Nanny ...,Â£52.53
The Name of God ...,Â£37.25
The Maze Runner (The ...,Â£20.93
The Lover's Dictionary,Â£58.09
The Lonely Ones,Â£43.59
The Lean Startup: How ...,Â£33.92
The Last Painting of ...,Â£55.55
"The Land of 10,000 ...",Â£29.64
The Infinities,Â£27.41
The Husband's Secret,Â£52.51
The Hitchhiker's Guide to ...,Â£47.80
The Guns of August,Â£14.54
The Guernsey Literary and ...,Â£49.53
The Goldfinch,Â£43.58
The Giver (The Giver ...,Â£12.30
The Girl with All ...,Â£49.47
The Girl Who Played ...,Â£22.14
The Girl Who Kicked ...,Â£57.48
The Exiled,Â£43.45
The End of Faith: ...,Â£22.13
"The Elegant Universe: Superstrings, ...",Â£13.03
The Disappearing Spoon: And ...,Â£57.35
The Devil Wears Prada ...,Â£44.29
The Demon-Haunted World: Science ...,Â£52.25
The Day the Crayons ...,Â£26.33
The Da Vinci Code ...,Â£22.96
The Cuckoo's Calling (Cormoran ...,Â£19.21
The Complete Stories and ...,Â£26.78
The Complete Poems,Â£41.32
The Catcher in the ...,Â£24.55
The Cat in the ...,Â£16.26
The Case for Christ ...,Â£47.84
The Book Thief,Â£53.49
The Book of Basketball: ...,Â£44.84
The Blind Side: Evolution ...,Â£53.71
The Autobiography of Malcolm ...,Â£23.43
The Art of Simple ...,Â£34.32
The Art of Fielding,Â£22.10
"Surely You're Joking, Mr. ...",Â£25.83
Stiff: The Curious Lives ...,Â£36.74
Spilled Milk: Based on ...,Â£49.51
Something Borrowed (Darcy & ...,Â£48.96
Something Blue (Darcy & ...,Â£54.62
Soldier (Talon #3),Â£24.72
Shopaholic & Baby (Shopaholic ...,Â£46.45
Seven Days in the ...,Â£52.33
Seven Brief Lessons on ...,Â£30.60
Scarlet (The Lunar Chronicles ...,Â£14.57
Sarah's Key,Â£46.29
"Saga, Volume 3 (Saga ...",Â£21.57
Running with Scissors,Â£12.91
Rogue Lawyer (Rogue Lawyer ...,Â£50.11
Rise of the Rocket ...,Â£41.67
Rework,Â£44.88
Reservations for Two,Â£11.10
Red: The True Story ...,Â£28.54
Ready Player One,Â£19.07
Quiet: The Power of ...,Â£43.55
Prodigy: The Graphic Novel ...,Â£43.63
Persepolis: The Story of ...,Â£39.13
Packing for Mars: The ...,Â£56.68
Outliers: The Story of ...,Â£14.16
Original Fake,Â£31.45
Orange Is the New ...,Â£24.61
One for the Money ...,Â£32.87
Notes from a Small ...,Â£40.17
Night (The Night Trilogy ...,Â£13.51
Neither Here nor There: ...,Â£38.95
Naked,Â£31.69
Morning Star (Red Rising ...,Â£29.40
Miracles from Heaven: A ...,Â£57.83
Midnight Riot (Peter Grant/ ...,Â£55.46
Me Talk Pretty One ...,Â£57.60
Manuscript Found in Accra,Â£34.98
Lust & Wonder,Â£11.87
Lila (Gilead #3),Â£12.47
"Life, the Universe and ...",Â£33.26
Life Without a Recipe,Â£59.04
Life After Life,Â£26.13
Letter to a Christian ...,Â£22.20
Let's Pretend This Never ...,Â£45.11
Legend (Legend #1),Â£43.69
"Lean In: Women, Work, ...",Â£25.02
Lamb: The Gospel According ...,Â£55.50
Lady Renegades (Rebel Belle ...,Â£53.04
Jurassic Park (Jurassic Park ...,Â£44.97
It's Never Too Late ...,Â£42.38
Is Everyone Hanging Out ...,Â£20.11
Into the Wild,Â£56.70
Inferno (Robert Langdon #4),Â£41.00
In the Garden of ...,Â£28.85
If I Run (If ...,Â£49.97
I've Got Your Number,Â£19.69
I Am Malala: The ...,Â£28.88
Hungry Girl Clean & ...,Â£33.14
House of Lost Worlds: ...,Â£43.70
House of Leaves,Â£54.89
Horrible Bear!,Â£37.52
Holidays on Ice,Â£51.07
Heir to the Sky,Â£44.07
Green Eggs and Ham ...,Â£10.79
"Grayson, Vol 3: Nemesis ...",Â£42.72
Gratitude,Â£26.66
Gone Girl,Â£37.60
Golden (Heart of Dread ...,Â£42.21
Girl in the Blue ...,Â£46.83
"Fruits Basket, Vol. 3 ...",Â£45.17
Friday Night Lights: A ...,Â£51.22
Fire Bound (Sea Haven/Sisters ...,Â£21.28
Fifty Shades Freed (Fifty ...,Â£15.36
Fellside,Â£38.62
Extreme Prey (Lucas Davenport ...,Â£25.40
Eragon (The Inheritance Cycle ...,Â£43.87
Eclipse (Twilight #3),Â£18.74
Dune (Dune #1),Â£54.86
Dracula,Â£52.62
Do Androids Dream of ...,Â£51.48
Disrupted: My Misadventure in ...,Â£15.28
Dead Wake: The Last ...,Â£39.24
"David and Goliath: Underdogs, ...",Â£17.81
Darkfever (Fever #1),Â£56.02
Dark Places,Â£23.90
Crazy Rich Asians (Crazy ...,Â£49.13
Counting Thyme,Â£10.62
Cosmos,Â£36.17
Civilization and Its Discontents,Â£59.95
Cinder (The Lunar Chronicles ...,Â£26.09
Catastrophic Happiness: Finding Joy ...,Â£37.35
Career of Evil (Cormoran ...,Â£24.72
Breaking Dawn (Twilight #4),Â£35.28
Brave Enough,Â£51.32
Boy Meets Boy,Â£21.12
Born to Run: A ...,Â£27.35
Blink: The Power of ...,Â£21.74
Black Flags: The Rise ...,Â£40.87
"Black Butler, Vol. 1 ...",Â£49.31
Big Little Lies,Â£22.11
Between Shades of Gray,Â£20.79
Best of My Love ...,Â£27.41
Beowulf,Â£38.35
Beautiful Creatures (Caster Chronicles ...,Â£21.55
Awkward,Â£38.02
Ash,Â£22.06
Are We There Yet?,Â£10.66
Are We Smart Enough ...,Â£56.58
Annie on My Mind,Â£36.83
And Then There Were ...,Â£35.01
A Walk in the ...,Â£30.48
A Visit from the ...,Â£14.08
A Storm of Swords ...,Â£31.22
A Heartbreaking Work of ...,Â£54.29
8 Keys to Mental ...,Â£31.04
#GIRLBOSS,Â£50.96
The Suffragettes (Little Black ...,Â£11.89
The Sense of an ...,Â£31.38
"The Sandman, Vol. 2: ...",Â£54.81
The Course of Love,Â£16.78
Sugar Rush (Offensive Line ...,Â£24.42
"Saga, Volume 2 (Saga ...",Â£11.75
"Run, Spot, Run: The ...",Â£20.02
New Moon (Twilight #2),Â£12.86
Life,Â£31.58
Kindle Paperwhite User's Guide,Â£34.00
H is for Hawk,Â£57.42
Girl Online On Tour ...,Â£53.47
"Fruits Basket, Vol. 2 ...",Â£11.64
Diary of a Minecraft ...,Â£52.88
"Y: The Last Man, ...",Â£18.51
While You Were Mine,Â£41.32
Where Lightning Strikes (Bleeding ...,Â£39.77
When I'm Gone,Â£51.96
Ways of Seeing,Â£39.51
"Vampire Knight, Vol. 1 ...",Â£15.40
Vampire Girl (Vampire Girl ...,Â£53.82
Twenty Love Poems and ...,Â£30.95
Travels with Charley: In ...,Â£57.82
Three Wishes (River of ...,Â£44.18
This One Moment (Pushing ...,Â£48.71
The Zombie Room,Â£19.69
The Wicked + The ...,Â£36.52
The Tumor,Â£41.56
The Story of Hong ...,Â£43.19
The Silent Wife,Â£12.34
The Silent Twin (Detective ...,Â£36.25
The Selfish Gene,Â£29.45
The Secret Healer,Â£34.56
"The Sandman, Vol. 1: ...",Â£54.12
The Republic,Â£33.78
The Odyssey,Â£29.64
The No. 1 Ladies' ...,Â£57.70
The Nicomachean Ethics,Â£36.34
The Name of the ...,Â£50.59
The Mirror & the ...,Â£29.38
The Little Prince,Â£45.42
The Light of the ...,Â£54.43
The Last Girl (The ...,Â£36.26
The Iliad,Â£16.16
The Hook Up (Game ...,Â£36.29
The Haters,Â£27.89
The Girl You Lost,Â£12.29
The Girl In The ...,Â£15.85
The End of the ...,Â£14.40
The Edge of Reason ...,Â£19.18
The Complete Maus (Maus ...,Â£10.64
The Communist Manifesto,Â£14.76
The Bhagavad Gita,Â£57.49
The Bette Davis Club,Â£30.66
The Art of Not ...,Â£40.83
Taking Shots (Assassins #1),Â£18.88
Starlark,Â£25.83
"Skip Beat!, Vol. 01 ...",Â£42.12
Sister Sable (The Mad ...,Â£13.33
Shatter Me (Shatter Me ...,Â£42.40
Shameless,Â£58.35
Shadow Rites (Jane Yellowrock ...,Â£21.72
Settling the Score (The ...,Â£44.91
Sense and Sensibility,Â£37.46
"Saga, Volume 1 (Saga ...",Â£28.48
"Rhythm, Chord & Malykhin",Â£28.34
"Rat Queens, Vol. 1: ...",Â£46.96
Paradise Lost (Paradise #1),Â£24.96
"Paper Girls, Vol. 1 ...",Â£21.71
Ouran High School Host ...,Â£29.87
Origins (Alphas 0.5),Â£28.99
One Second (Seven #7),Â£52.94
On the Road (Duluoz ...,Â£32.36
Old Records Never Die: ...,Â£55.66
Off Sides (Off #1),Â£39.45
Of Mice and Men,Â£47.11
Myriad (Prentor #1),Â£58.75
My Perfect Mistake (Over ...,Â£38.92
"Ms. Marvel, Vol. 1: ...",Â£39.39
Meditations,Â£25.89
Matilda,Â£28.34
Lost Among the Living,Â£27.70
Lord of the Flies,Â£24.89
Listen to Me (Fusion ...,Â£58.99
Kitchens of the Great ...,Â£57.20
Jane Eyre,Â£38.43
Imperfect Harmony,Â£34.74
Icing (Aces Hockey #2),Â£40.44
"Hawkeye, Vol. 1: My ...",Â£45.24
Having the Barbarian's Baby ...,Â£34.96
"Giant Days, Vol. 1 ...",Â£56.76
"Fruits Basket, Vol. 1 ...",Â£40.28
Frankenstein,Â£38.00
Forever Rockers (The Rocker ...,Â£28.80
Fighting Fate (Fighting #6),Â£39.24
Emma,Â£32.93
"Eat, Pray, Love",Â£51.32
Deep Under (Walker Security ...,Â£47.09
Choosing Our Religion: The ...,Â£28.42
Charlie and the Chocolate ...,Â£22.85
Charity's Cross (Charles Towne ...,Â£41.24
Bright Lines,Â£39.07
Bridget Jones's Diary (Bridget ...,Â£29.82
Bounty (Colorado Mountain #7),Â£37.26
Blood Defense (Samantha Brinkman ...,Â£20.30
"Bleach, Vol. 1: Strawberry ...",Â£34.65
Beyond Good and Evil,Â£43.38
Alice in Wonderland (Alice's ...,Â£55.53
"Ajin: Demi-Human, Volume 1 ...",Â£57.06
A Spy's Devotion (The ...,Â£16.97
1st to Die (Women's ...,Â£53.98
"1,000 Places to See ...",Â£26.08
